project_key,issue_count,resolved_count,min_created,max_created,instance,resolved_with_assignee,distinct_resolvers,top2_share
QTBUG,97172,77520,2003-09-23T11:25:00.000+0000,2022-01-04T14:52:39.000+0000,Qt,72832,1077,0.058
SERVER,58928,52972,2009-04-08T08:01:26.000+0000,2022-01-04T13:59:54.000+0000,MongoDB,48480,540,0.054
JRASERVER,47225,38678,2002-02-08T04:39:00.000+0000,2022-01-04T20:45:19.000+0000,Jira,10186,484,0.123
CONFSERVER,43910,37290,2003-06-02T06:45:32.000+0000,2022-01-04T19:49:53.000+0000,Jira,15995,445,0.257
SPARK,37443,35034,0010-04-03T23:04:00.000+0000,2022-01-05T11:37:21.000+0000,Apache,22489,1783,0.068
FLEX,35390,31564,2005-01-03T00:18:41.000+0000,2021-11-23T11:45:31.000+0000,Apache,30520,32,0.974
JRACLOUD,27916,22142,2002-03-21T01:22:50.000+0000,2022-01-05T10:02:27.000+0000,Jira,3638,615,0.155
JBIDE,27295,26045,2003-01-31T10:45:12.000+0000,2021-12-30T12:28:31.000+0000,RedHat,24512,138,0.19
HBASE,26421,22774,2007-02-27T16:51:17.000+0000,2022-01-05T20:00:44.000+0000,Apache,18703,876,0.161
HIVE,25731,18516,2008-09-03T22:48:33.000+0000,2022-01-05T08:55:42.000+0000,Apache,17204,828,0.086
FLINK,25492,21398,2014-06-08T16:28:31.000+0000,2022-01-05T16:12:00.000+0000,Apache,15903,926,0.14
AMBARI,25384,23305,2011-09-22T16:11:31.000+0000,2022-01-03T09:27:17.000+0000,Apache,22797,290,0.124
QTCREATORBUG,25249,21976,2007-07-05T11:32:00.000+0000,2022-01-04T15:32:16.000+0000,Qt,21862,221,0.201
CONFCLOUD,25115,20151,2003-09-19T17:35:18.000+0000,2022-01-05T11:56:30.000+0000,Jira,7106,569,0.226
BCLOUD,20352,17994,2008-06-13T12:35:48.000+0000,2022-01-04T18:18:57.000+0000,Jira,3647,126,0.417
SPR,17413,15938,2003-11-26T08:35:42.000+0000,2019-01-09T16:12:47.000+0000,Spring,14673,45,0.646
CAMEL,17391,16716,2007-04-18T16:06:05.000+0000,2022-01-05T12:00:00.000+0000,Apache,14551,117,0.613
CASSANDRA,17115,14816,2009-03-07T03:37:05.000+0000,2022-01-05T13:00:17.000+0000,Apache,11144,698,0.162
JBEAP,17102,16072,2013-01-22T10:29:16.000+0000,2022-01-03T16:31:18.000+0000,RedHat,15607,285,0.109
IGNITE,16194,11949,2014-11-14T17:46:23.000+0000,2022-01-03T08:18:10.000+0000,Apache,9840,296,0.143
HADOOP,15797,13217,2005-07-24T23:46:18.000+0000,2022-01-05T19:47:22.000+0000,Apache,10805,995,0.082
INFRA,15777,15663,2003-09-04T02:42:25.000+0000,2022-01-05T10:07:07.000+0000,Apache,12856,50,0.436
SOLR,15704,11785,2006-01-25T13:45:45.000+0000,2021-12-31T14:34:59.000+0000,Apache,8298,84,0.186
HDFS,15588,12328,2006-04-06T08:00:00.000+0000,2022-01-05T15:46:15.000+0000,Apache,10876,719,0.076
KEYCLOAK,15564,14556,2013-07-09T11:43:44.000+0000,2021-12-30T03:10:58.000+0000,RedHat,8166,132,0.285
ARROW,15128,12866,2016-02-16T22:43:14.000+0000,2022-01-05T23:07:48.000+0000,Apache,10912,572,0.212
BAM,14625,12416,2006-04-06T23:43:22.000+0000,2022-01-05T13:14:17.000+0000,Jira,4253,113,0.273
CB,14007,12862,2011-10-25T13:25:58.000+0000,2018-08-16T04:19:24.000+0000,Apache,9336,117,0.269
DOCS,13871,12515,2009-05-26T15:52:37.000+0000,2022-01-03T15:52:35.000+0000,MongoDB,10257,158,0.455
BEAM,13597,9189,2016-02-02T15:34:07.000+0000,2022-01-05T20:56:36.000+0000,Apache,7745,527,0.08
ENTESB,13529,13077,2011-01-21T22:00:31.000+0000,2022-01-04T17:28:30.000+0000,RedHat,10646,207,0.204
JSWSERVER,13273,10928,2007-06-14T06:25:23.000+0000,2022-01-04T10:17:46.000+0000,Jira,1561,180,0.321
WFLY,12984,11679,2008-12-18T05:22:47.000+0000,2022-01-04T17:24:08.000+0000,RedHat,11321,254,0.177
ISPN,12829,11012,2009-03-03T10:56:12.000+0000,2022-01-04T17:23:41.000+0000,RedHat,10419,106,0.24
JSWCLOUD,12733,10029,2007-06-14T06:25:23.000+0000,2022-01-04T19:50:34.000+0000,Jira,1180,247,0.181
EVG,12546,11384,2013-04-10T15:09:14.000+0000,2021-12-31T18:56:16.000+0000,MongoDB,9839,75,0.336
OFBIZ,12470,10955,2006-05-21T01:19:22.000+0000,2022-01-05T08:14:14.000+0000,Apache,9624,110,0.397
KAFKA,12312,8682,2011-07-19T21:32:09.000+0000,2022-01-05T08:35:14.000+0000,Apache,6622,601,0.101
IMPALA,11031,8869,2012-10-30T17:45:03.000+0000,2022-01-05T00:11:54.000+0000,Apache,7227,192,0.178
SLING,11011,9936,2007-09-11T07:28:01.000+0000,2022-01-05T12:33:47.000+0000,Apache,9038,54,0.321
YARN,10769,7806,2009-03-26T23:44:11.000+0000,2022-01-05T14:13:13.000+0000,Apache,6967,479,0.068
LUCENE,10313,8442,2001-10-09T16:19:16.000+0000,2022-01-05T13:14:24.000+0000,Apache,5401,87,0.303
MESOS,10197,7148,2011-02-16T23:12:40.000+0000,2021-12-23T06:06:38.000+0000,Apache,5924,235,0.122
GROOVY,10187,8898,2003-09-25T17:39:46.000+0000,2022-01-05T20:41:40.000+0000,Apache,7653,67,0.475
GEODE,9905,8052,2015-05-05T23:33:07.000+0000,2022-01-05T21:06:37.000+0000,Apache,5588,106,0.164
AEROGEAR,9715,9471,2011-10-31T15:51:53.000+0000,2021-02-09T08:59:43.000+0000,RedHat,5774,97,0.118
SRCTREEWIN,9646,5199,2012-09-26T11:49:35.000+0000,2022-01-04T09:13:21.000+0000,Jira,1902,9,0.927
OAK,9612,8810,2012-03-06T12:48:50.000+0000,2022-01-05T16:19:25.000+0000,Apache,7307,43,0.256
NIFI,9499,6526,2014-12-05T18:48:19.000+0000,2022-01-05T18:03:06.000+0000,Apache,5323,222,0.241
AAR,9107,57,2016-04-27T12:14:53.000+0000,2022-01-05T23:04:24.000+0000,Apache,0,0,
JBPM,9084,7361,2004-11-23T04:07:55.000+0000,2022-01-04T09:59:26.000+0000,RedHat,6809,150,0.264
CXF,8531,8083,2006-06-27T03:56:52.000+0000,2022-01-04T15:11:30.000+0000,Apache,6586,54,0.488
QPID,8465,7809,2006-09-18T09:57:49.000+0000,2021-12-09T09:00:40.000+0000,Apache,5832,48,0.211
JBAS,8394,8094,2001-04-06T03:49:30.000+0000,2020-03-24T01:38:51.000+0000,RedHat,7062,143,0.319
WT,8325,7499,2012-01-31T11:48:47.000+0000,2022-01-04T02:56:00.000+0000,MongoDB,6841,60,0.334
DRILL,8069,5378,2012-09-05T16:34:55.000+0000,2022-01-03T00:12:25.000+0000,Apache,4550,142,0.1
BSERV,7885,5663,2012-03-01T03:39:00.000+0000,2022-01-05T14:37:58.000+0000,Jira,1737,113,0.208
CLOUD,7755,6933,1982-11-26T02:23:00.000+0000,2021-12-30T14:58:23.000+0000,Jira,2316,118,0.29
AMQ,7540,6740,2004-04-20T14:14:03.000+0000,2022-01-04T21:22:12.000+0000,Apache,4304,48,0.344
KARAF,7145,6540,2009-04-28T15:00:25.000+0000,2022-01-03T17:12:02.000+0000,Apache,6150,25,0.761
DERBY,7123,5817,2004-09-24T21:22:40.000+0000,2021-12-14T09:17:11.000+0000,Apache,4504,113,0.236
MAPREDUCE,7047,5389,2006-03-17T12:26:20.000+0000,2022-01-04T16:08:11.000+0000,Apache,4230,497,0.058
AIRFLOW,7038,5319,2016-04-15T04:07:26.000+0000,2020-05-26T22:08:20.000+0000,Apache,3279,785,0.091
WICKET,6933,6806,2006-10-16T05:16:03.000+0000,2021-12-30T10:02:41.000+0000,Apache,5629,33,0.551
JSDSERVER,6895,4198,2013-09-12T01:55:47.000+0000,2022-01-05T07:34:03.000+0000,Jira,860,142,0.187
JSDCLOUD,6892,3990,2011-03-10T13:03:53.000+0000,2022-01-05T06:32:20.000+0000,Jira,1048,217,0.109
CRUC,6765,5886,2007-08-15T03:36:53.000+0000,2021-11-17T11:10:07.000+0000,Jira,2724,76,0.302
HARMONY,6676,5672,2005-06-19T03:40:00.000+0000,2011-10-30T07:56:05.000+0000,Apache,5258,41,0.265
PHOENIX,6593,5012,2014-01-11T23:14:04.000+0000,2022-01-05T05:20:30.000+0000,Apache,3761,205,0.202
UIMA,6401,5870,2006-11-10T15:08:46.000+0000,2022-01-03T14:50:10.000+0000,Apache,5293,25,0.383
FELIX,6392,5624,2005-07-24T01:33:39.000+0000,2022-01-03T08:07:55.000+0000,Apache,4786,57,0.305
KOGITO,6347,4849,2016-10-31T15:27:35.000+0000,2022-01-04T16:29:53.000+0000,RedHat,4836,105,0.143
NETBEANS,6155,2804,2016-11-03T12:49:12.000+0000,2022-01-05T17:19:43.000+0000,Apache,1430,164,0.259
HDDS,6121,4813,2017-04-20T18:44:44.000+0000,2022-01-05T20:03:29.000+0000,Apache,4589,142,0.206
DROOLS,6087,5171,2006-07-03T08:53:53.000+0000,2022-01-04T15:07:12.000+0000,RedHat,5146,86,0.414
MNG,6046,5589,2002-11-20T01:06:42.000+0000,2021-12-30T00:45:36.000+0000,Apache,3798,68,0.396
JBPAPP,5932,5930,2007-03-01T20:38:17.000+0000,2020-11-30T09:48:25.000+0000,RedHat,5770,235,0.12
AXIS2,5918,5227,2004-06-25T08:42:22.000+0000,2022-01-05T07:13:59.000+0000,Apache,2942,77,0.277
TEIID,5769,5683,2001-10-31T00:00:00.000+0000,2021-10-29T13:13:49.000+0000,RedHat,5383,30,0.874
ZEPPELIN,5614,3392,2015-03-17T14:51:13.000+0000,2022-01-05T00:35:42.000+0000,Apache,2745,316,0.34
FE,5561,4634,2006-01-11T07:21:25.000+0000,2021-11-02T09:28:29.000+0000,Jira,1886,74,0.227
THRIFT,5490,4686,2008-05-08T22:08:35.000+0000,2022-01-04T16:01:30.000+0000,Apache,3907,422,0.33
AS7,5427,5427,2006-04-19T09:53:41.000+0000,2013-04-19T10:06:49.000+0000,RedHat,5154,136,0.163
DEVELOPER,5425,5250,2012-03-14T15:45:50.000+0000,2021-12-15T14:28:21.000+0000,RedHat,4063,70,0.259
PDFBOX,5347,4959,2003-07-04T00:57:00.000+0000,2022-01-04T11:47:59.000+0000,Apache,3200,18,0.766
PIG,5338,4305,2007-10-10T22:29:17.000+0000,2021-11-13T06:33:17.000+0000,Apache,3692,314,0.233
SRCTREE,5292,2447,2010-07-27T21:22:25.000+0000,2022-01-04T04:34:57.000+0000,Jira,29,7,0.828
TS,5103,4413,2009-10-30T00:05:08.000+0000,2017-01-05T18:30:19.000+0000,Apache,3751,92,0.404
WW,5093,4761,2002-05-10T16:37:38.000+0000,2021-12-30T12:32:41.000+0000,Apache,3233,78,0.396
MONGOID,5089,4889,2009-11-17T06:22:01.000+0000,2022-01-03T16:42:34.000+0000,MongoDB,1305,18,0.585
WFCORE,5054,4495,2010-01-26T13:23:12.000+0000,2022-01-04T17:47:45.000+0000,RedHat,4390,145,0.276
JBSEAM,5032,4134,2004-11-26T12:21:34.000+0000,2018-08-01T02:03:47.000+0000,RedHat,3434,50,0.431
KYLIN,4989,4370,2014-12-21T12:23:32.000+0000,2022-01-04T07:43:35.000+0000,Apache,3583,190,0.206
CALCITE,4968,3563,2014-06-18T07:33:31.000+0000,2022-01-04T19:58:56.000+0000,Apache,2832,143,0.492
ACCUMULO,4745,4496,2011-10-03T13:57:50.000+0000,2019-08-09T15:30:10.000+0000,Apache,3442,129,0.388
THREESCALE,4658,3639,2016-10-10T09:43:31.000+0000,2022-01-03T08:42:57.000+0000,RedHat,568,59,0.204
JCR,4630,4036,2004-09-16T03:45:57.000+0000,2022-01-03T07:43:37.000+0000,Apache,2936,45,0.447
QDS,4619,3372,2010-10-20T17:26:53.000+0000,2022-01-04T12:46:12.000+0000,Qt,3326,63,0.295
AMKT,4563,4466,2011-11-09T22:17:15.107-0600,2021-12-17T12:24:00.156-0600,JiraEcosystem,0,0,
SVN,4518,3737,2001-03-19T18:15:38.000+0000,2022-01-04T06:57:53.000+0000,Apache,304,28,0.372
INT,4494,4357,2007-11-20T10:35:34.000+0000,2019-01-14T19:32:56.000+0000,Spring,4355,25,0.501
ATLAS,4469,3674,2015-05-22T00:51:17.000+0000,2022-01-05T22:33:22.000+0000,Apache,3073,115,0.226
CWD,4407,3357,2006-09-25T19:37:04.000+0000,2021-12-30T18:35:30.000+0000,Jira,1709,104,0.31
STS,4407,4407,2008-03-18T23:10:12.000+0000,2017-04-03T07:39:24.000+0000,Spring,2864,18,0.437
TEZ,4347,3259,2013-03-25T14:31:14.000+0000,2022-01-04T18:03:07.000+0000,Apache,2860,113,0.305
CARBONDATA,4316,3255,2016-06-20T00:43:17.000+0000,2021-12-22T09:58:49.000+0000,Apache,2199,121,0.135
SM,4308,4210,2005-07-08T06:07:42.000+0000,2021-12-28T05:45:42.000+0000,Apache,3677,37,0.637
ZOOKEEPER,4263,2805,2008-06-06T22:02:18.000+0000,2022-01-03T14:50:04.000+0000,Apache,2329,359,0.179
DBZ,4241,3504,2016-01-26T09:19:34.000+0000,2022-01-04T13:45:31.000+0000,RedHat,2268,55,0.563
JBDS,4221,4070,2007-03-16T05:46:49.000+0000,2022-01-04T13:46:38.000+0000,RedHat,3805,108,0.431
AUI,4183,3983,2011-08-28T18:32:02.082-0500,2021-12-15T07:15:25.415-0600,JiraEcosystem,0,0,
QTQAINFRA,4169,3581,2009-11-12T10:02:54.000+0000,2022-01-04T14:10:43.000+0000,Qt,3514,116,0.213
QT3DS,4092,3544,2017-02-16T07:44:51.000+0000,2021-12-10T15:20:33.000+0000,Qt,3265,64,0.289
TUSCANY,4082,3496,2006-01-10T05:26:27.000+0000,2014-04-16T15:45:18.000+0000,Apache,2075,38,0.305
JAVA,4055,3819,2009-04-17T20:00:51.000+0000,2022-01-04T15:57:11.000+0000,MongoDB,2631,39,0.727
MYFACES,4054,4037,2004-11-05T17:31:27.000+0000,2021-12-17T14:01:04.000+0000,Apache,3012,55,0.537
RHBPMS,4026,3986,2012-04-17T13:33:00.000+0000,2021-08-27T05:34:08.000+0000,RedHat,3959,84,0.335
ROO,3987,3452,2009-05-13T12:51:38.000+0000,2021-09-20T07:42:32.000+0000,Spring,3402,32,0.525
JBESB,3890,3453,2003-09-17T05:23:10.000+0000,2021-05-19T08:24:14.000+0000,RedHat,3254,39,0.452
JBWS,3845,3789,2004-10-06T06:04:10.000+0000,2022-01-04T08:39:27.000+0000,RedHat,3254,50,0.467
UPM,3763,3708,2009-02-16T17:57:03.015-0600,2021-02-23T07:20:29.418-0600,JiraEcosystem,0,0,
STORM,3762,2668,2013-12-06T20:56:27.000+0000,2022-01-03T20:30:25.000+0000,Apache,2398,291,0.172
CSHARP,3752,3191,2010-02-12T13:42:38.000+0000,2022-01-04T15:57:07.000+0000,MongoDB,2437,21,0.651
ENTMQBR,3720,2857,2011-02-01T15:04:06.000+0000,2022-01-04T16:55:26.000+0000,RedHat,2828,59,0.443
XD,3707,3046,2013-04-12T05:37:16.000+0000,2018-11-16T15:57:31.000+0000,Spring,2469,31,0.27
OOZIE,3646,2737,2011-07-18T23:56:22.000+0000,2021-12-15T19:11:11.000+0000,Apache,2122,140,0.192
TIKA,3633,2690,2007-03-31T06:54:09.000+0000,2022-01-05T12:50:18.000+0000,Apache,1426,30,0.573
BIGTOP,3622,3013,2011-07-19T19:38:40.000+0000,2022-01-03T13:19:13.000+0000,Apache,2789,155,0.286
NODE,3621,3105,2012-07-09T19:42:41.000+0000,2022-01-04T15:57:13.000+0000,MongoDB,2479,34,0.539
JAMES,3611,3238,2001-06-03T11:06:50.000+0000,2021-12-29T13:03:20.000+0000,Apache,1277,21,0.561
BXMSDOC,3589,3419,2014-04-24T06:20:00.000+0000,2022-01-04T12:52:06.000+0000,RedHat,3411,131,0.21
ARTEMIS,3571,3202,2014-10-23T14:22:56.000+0000,2022-01-04T02:29:49.000+0000,Apache,1889,21,0.522
RANGER,3567,3053,2014-07-28T22:35:53.000+0000,2022-01-05T07:16:50.000+0000,Apache,2820,77,0.183
AIRAVATA,3538,2802,2011-05-13T02:01:02.000+0000,2021-12-30T10:04:04.000+0000,Apache,2137,44,0.387
JBTM,3483,3214,2005-12-23T17:03:04.000+0000,2021-12-24T08:20:46.000+0000,RedHat,3082,51,0.336
CDRIVER,3410,2901,2011-04-08T20:06:10.000+0000,2022-01-04T15:57:04.000+0000,MongoDB,2539,50,0.509
FLUME,3380,2367,2010-06-29T02:44:45.000+0000,2021-12-17T05:38:46.000+0000,Apache,1738,153,0.299
TOMEE,3371,2661,2007-07-23T12:27:07.000+0000,2021-12-29T09:41:23.000+0000,Apache,1708,64,0.635
FUSETOOLS,3341,2749,2011-01-05T16:16:58.000+0000,2022-01-04T13:16:17.000+0000,RedHat,2479,38,0.64
TRAFODION,3337,2528,2015-06-20T02:57:06.000+0000,2020-12-15T08:06:56.000+0000,Apache,2245,76,0.167
LOG4J2,3304,2459,2008-04-24T16:20:20.000+0000,2022-01-05T09:21:18.000+0000,Apache,1443,11,0.54
COUCHDB,3292,3292,2008-03-08T23:42:31.000+0000,2019-05-17T14:32:23.000+0000,Apache,1021,47,0.149
AVRO,3272,2411,2009-04-09T22:09:08.000+0000,2022-01-05T13:09:32.000+0000,Apache,2022,342,0.196
KUDU,3194,2390,2013-08-27T18:28:07.000+0000,2021-12-24T00:06:08.000+0000,Apache,1799,98,0.295
HUDI,3172,1786,2019-03-04T20:26:45.000+0000,2022-01-05T20:10:47.000+0000,Apache,1520,125,0.182
SQOOP,3152,2283,2011-07-22T21:31:47.000+0000,2021-07-05T17:41:34.000+0000,Apache,2118,139,0.371
SEC,3150,3150,2005-06-21T20:31:15.000+0000,2016-02-04T15:22:53.000+0000,Spring,2580,15,0.833
SYSTEMDS,3119,2378,2015-08-05T06:10:11.000+0000,2021-12-31T13:30:15.000+0000,Apache,1891,51,0.623
SOA,3116,3110,2007-03-15T10:46:49.000+0000,2012-01-12T08:14:49.000+0000,RedHat,2815,82,0.258
TEIIDDES,3099,3099,2005-12-01T00:00:00.000+0000,2020-08-10T00:17:26.000+0000,RedHat,2620,25,0.673
JBRULES,3056,2648,2005-12-05T10:17:10.000+0000,2013-01-25T04:57:37.000+0000,RedHat,2629,35,0.526
FOP,3040,2483,2001-02-01T01:45:33.000+0000,2022-01-05T14:17:31.000+0000,Apache,2164,16,0.96
WINDUP,3035,2489,2013-05-09T08:17:25.000+0000,2022-01-03T15:28:44.000+0000,RedHat,2042,33,0.404
SWITCHYARD,3015,2528,2010-11-03T13:30:24.000+0000,2021-09-28T14:57:46.000+0000,RedHat,2260,28,0.327
STR,3009,2765,2000-10-19T07:27:07.000+0000,2018-08-27T10:36:28.000+0000,Apache,718,34,0.517
ASTERIXDB,2993,2122,2010-10-16T18:37:10.000+0000,2021-12-27T13:54:49.000+0000,Apache,1257,28,0.259
ISIS,2932,2672,2010-09-23T01:37:53.000+0000,2021-12-23T14:48:11.000+0000,Apache,2142,10,0.961
RESTEASY,2922,2626,2008-02-27T20:07:01.000+0000,2021-12-30T10:28:29.000+0000,RedHat,2524,63,0.485
AXIS,2918,1842,2001-07-18T16:25:14.000+0000,2021-08-02T09:57:28.000+0000,Apache,283,32,0.431
NUTCH,2909,2623,2005-02-11T04:23:58.000+0000,2022-01-04T18:04:04.000+0000,Apache,1499,46,0.34
OPENJPA,2896,2084,2006-05-09T08:37:23.000+0000,2021-12-17T10:35:38.000+0000,Apache,1654,38,0.268
PL,2889,2889,2008-01-04T00:35:46.533-0600,2016-09-15T07:55:56.083-0500,JiraEcosystem,0,0,
RHPAM,2886,2565,2013-05-01T12:31:00.000+0000,2022-01-04T10:07:06.000+0000,RedHat,2522,118,0.141
PYTHON,2872,2611,2009-04-09T09:38:38.000+0000,2021-12-22T17:04:43.000+0000,MongoDB,2384,22,0.674
CONTINUUM,2724,2312,2004-07-11T16:21:32.000+0000,2016-06-30T22:01:45.000+0000,Apache,1937,31,0.487
OPENMEETINGS,2718,2628,2011-12-05T12:58:31.000+0000,2021-12-08T01:59:40.000+0000,Apache,2475,12,0.94
CAY,2714,2273,2003-11-08T02:24:43.000+0000,2021-12-17T08:43:49.000+0000,Apache,1927,20,0.79
SAMZA,2714,1827,2013-08-05T21:47:06.000+0000,2021-12-14T18:31:54.000+0000,Apache,1586,107,0.163
TAP5,2696,2513,2006-07-27T15:11:20.000+0000,2021-12-11T19:53:23.000+0000,Apache,1842,22,0.745
AF,2696,1931,2009-02-16T22:43:43.000+0000,2021-12-28T07:06:35.000+0000,RedHat,1871,79,0.265
KNOX,2694,2398,2013-03-25T12:59:18.000+0000,2022-01-05T12:43:04.000+0000,Apache,2203,111,0.414
RUBY,2689,2395,2009-04-09T09:42:17.000+0000,2022-01-04T15:38:24.000+0000,MongoDB,2259,25,0.554
TINKERPOP,2681,2500,2013-10-16T16:48:27.000+0000,2022-01-04T21:54:23.000+0000,Apache,1823,22,0.82
MODE,2679,2631,2008-01-21T20:48:30.000+0000,2021-04-22T15:52:57.000+0000,RedHat,2284,28,0.734
FORGE,2634,2326,2010-10-22T11:34:26.000+0000,2021-11-04T19:09:53.000+0000,RedHat,1919,69,0.755
COMPASS,2603,2072,2016-03-21T14:59:36.000+0000,2022-01-04T16:08:10.000+0000,MongoDB,1165,25,0.353
BATCH,2598,2239,2007-05-29T14:33:00.000+0000,2019-12-16T09:37:43.000+0000,Spring,1992,17,0.575
DATAMONGO,2590,2215,2010-10-19T09:44:52.000+0000,2020-12-25T08:37:20.000+0000,Spring,2214,10,0.644
DAFFODIL,2577,2176,2010-11-17T16:18:33.000+0000,2022-01-05T17:46:34.000+0000,Apache,1789,33,0.421
WELD,2576,2474,2008-06-02T09:35:35.000+0000,2021-12-16T14:39:43.000+0000,RedHat,2121,47,0.398
SENTRY,2564,1951,2013-08-29T23:04:31.000+0000,2021-01-20T02:50:23.000+0000,Apache,1834,78,0.174
TRINIDAD,2561,1859,2006-04-20T03:46:22.000+0000,2021-02-11T03:27:19.000+0000,Apache,1399,25,0.44
PLANNER,2540,2000,2007-02-03T09:16:29.000+0000,2022-01-04T16:35:31.000+0000,RedHat,1942,31,0.45
TAPESTRY,2499,2325,2003-03-12T11:15:58.000+0000,2012-01-12T21:33:24.000+0000,Apache,1821,18,0.801
RHDEVDOCS,2486,2122,2012-06-22T07:15:26.000+0000,2022-01-04T19:24:13.000+0000,RedHat,1955,55,0.252
JGRP,2482,2438,2004-12-24T09:01:07.000+0000,2022-01-04T11:50:38.000+0000,RedHat,2436,31,0.92
ENTMQST,2482,2178,2018-01-04T04:20:34.000+0000,2022-01-04T16:57:59.000+0000,RedHat,1282,31,0.294
PROTON,2472,2108,2012-08-14T14:25:15.000+0000,2021-12-23T22:01:19.000+0000,Apache,1760,26,0.386
THORN,2467,2467,2015-04-22T16:14:23.000+0000,2020-10-07T07:13:21.000+0000,RedHat,1593,107,0.345
PROJQUAY,2455,1765,2017-12-01T17:59:41.000+0000,2022-01-04T18:14:32.000+0000,RedHat,1512,41,0.249
TOOLS,2452,2133,2009-07-30T03:20:44.000+0000,2021-12-30T08:27:47.000+0000,MongoDB,1708,66,0.349
RHBRMS,2400,2383,2012-07-23T23:50:00.000+0000,2019-05-30T02:48:15.000+0000,RedHat,2374,72,0.445
COCOON,2364,1955,2001-01-23T23:45:46.000+0000,2020-07-31T12:06:04.000+0000,Apache,500,64,0.252
METRON,2349,1661,2015-12-13T19:00:14.000+0000,2021-01-11T04:03:11.000+0000,Apache,1426,34,0.328
FALCON,2343,1805,2013-04-29T06:26:31.000+0000,2019-07-25T20:14:36.000+0000,Apache,1653,54,0.173
SCB,2326,2000,2017-12-18T01:48:14.000+0000,2022-01-04T09:34:49.000+0000,Apache,1837,59,0.404
DISPATCH,2302,1954,2013-02-28T22:08:15.000+0000,2022-01-04T15:02:03.000+0000,Apache,1763,21,0.432
MAISTRA,2299,2044,2018-08-15T12:51:47.000+0000,2021-12-14T14:32:50.000+0000,RedHat,1894,46,0.488
CXX,2298,1909,2010-02-01T10:00:17.000+0000,2022-01-04T15:57:06.000+0000,MongoDB,1519,44,0.277
STRM,2293,2242,2007-12-10T19:13:57.863-0600,2021-04-25T22:04:08.648-0500,JiraEcosystem,0,0,
DIRSERVER,2278,1876,2004-01-26T02:13:53.000+0000,2022-01-03T07:53:26.000+0000,Apache,1218,24,0.635
IOTDB,2265,1690,2019-01-14T07:42:14.000+0000,2022-01-05T11:22:16.000+0000,Apache,956,75,0.156
JENA,2238,2091,2010-12-08T16:40:04.000+0000,2022-01-04T21:21:38.000+0000,Apache,1838,19,0.841
FH,2235,2191,2015-02-11T11:41:04.000+0000,2019-03-24T10:21:20.000+0000,RedHat,1273,61,0.17
XERCESC,2230,2063,2001-02-22T15:17:34.000+0000,2021-12-20T19:17:45.000+0000,Apache,375,17,0.483
CLOUD,2226,1870,2015-04-22T07:35:13.000+0000,2021-12-20T14:47:37.000+0000,RedHat,1790,87,0.284
ENTMQMAAS,2202,1824,2016-02-04T11:40:26.000+0000,2021-11-24T12:58:21.000+0000,RedHat,1269,36,0.306
EJBTHREE,2190,1764,2004-12-13T11:37:00.000+0000,2014-02-16T08:12:12.000+0000,RedHat,1598,41,0.392
TAJO,2183,1807,2013-03-21T09:21:59.000+0000,2021-03-18T13:31:11.000+0000,Apache,1607,49,0.442
JPOSERVER,2180,920,2014-09-11T11:07:27.000+0000,2022-01-04T22:39:29.000+0000,Jira,158,46,0.209
QTIFW,2178,1728,2010-08-09T05:22:09.000+0000,2022-01-03T15:42:49.000+0000,Qt,1722,37,0.593
ARQ,2168,1706,2009-08-06T08:08:24.000+0000,2021-12-14T14:27:26.000+0000,RedHat,1512,65,0.433
GODRIVER,2161,1882,2017-03-16T19:44:34.000+0000,2022-01-04T15:57:09.000+0000,MongoDB,1414,35,0.467
CRW,2159,1780,2018-05-01T17:31:17.000+0000,2022-01-04T20:53:48.000+0000,RedHat,1741,63,0.307
HOP,2158,1698,2020-09-28T13:43:54.000+0000,2022-01-05T17:57:05.000+0000,Apache,674,15,0.503
ROL,2135,2069,2002-09-03T23:53:47.000+0000,2021-12-22T23:33:14.000+0000,Apache,2059,16,0.79
MAHOUT,2121,2009,2008-01-30T18:10:17.000+0000,2021-12-14T00:17:13.000+0000,Apache,1562,46,0.366
HTTPCLIENT,2116,2063,2001-10-29T09:49:15.000+0000,2022-01-05T16:53:28.000+0000,Apache,299,28,0.324
ELY,2110,1860,2011-09-02T11:18:52.000+0000,2022-01-04T19:36:33.000+0000,RedHat,1741,54,0.474
PARQUET,2092,1601,2014-06-14T03:54:40.000+0000,2021-12-17T00:24:38.000+0000,Apache,1398,196,0.27
TOBAGO,2091,2024,2005-12-01T23:17:58.000+0000,2021-12-16T17:07:49.000+0000,Apache,1776,11,0.745
REEF,2065,1606,2014-09-02T16:57:54.000+0000,2021-05-11T00:54:05.000+0000,Apache,1440,51,0.312
ARIES,2056,1755,2009-09-29T21:33:22.000+0000,2022-01-01T11:38:09.000+0000,Apache,1549,41,0.288
OPENEJB,2046,1672,2004-01-28T12:42:35.000+0000,2021-05-20T19:57:04.000+0000,Apache,1211,44,0.463
APEXMALHAR,2041,1697,2014-01-13T20:26:11.000+0000,2019-03-22T18:49:34.000+0000,Apache,1416,62,0.268
ACJIRA,1999,1381,2012-11-06T23:42:31.000-0600,2021-12-30T03:01:22.484-0600,JiraEcosystem,0,0,
MRM,1993,1788,2004-07-22T12:12:27.000+0000,2022-01-04T18:02:14.000+0000,Apache,1497,29,0.509
SHINDIG,1979,1752,2007-12-17T02:50:31.000+0000,2015-07-21T13:48:11.000+0000,Apache,854,34,0.385
AURORA,1970,1578,2013-10-22T01:55:18.000+0000,2019-09-08T21:28:20.000+0000,Apache,1227,67,0.378
SUREFIRE,1958,1694,2004-08-31T17:29:31.000+0000,2022-01-01T00:01:48.000+0000,Apache,1280,38,0.693
COST,1932,1111,2020-01-23T19:05:34.000+0000,2022-01-04T19:33:51.000+0000,RedHat,936,27,0.345
QTMOBILITY,1926,1578,2009-11-17T04:11:05.000+0000,2013-08-09T11:15:31.000+0000,Qt,1565,107,0.176
SMX4,1905,1758,2007-09-20T19:42:11.000+0000,2021-04-26T07:57:51.000+0000,Apache,1681,20,0.729
DATALAB,1858,1610,2018-11-05T17:42:37.000+0000,2021-12-16T09:00:26.000+0000,Apache,1594,26,0.365
ORG,1850,1821,2007-05-22T09:55:14.000+0000,2021-12-21T10:15:49.000+0000,RedHat,1609,19,0.684
HAWQ,1808,1516,2015-09-19T02:33:03.000+0000,2022-01-03T09:07:02.000+0000,Apache,1514,54,0.195
DATACMNS,1781,1574,2010-11-22T03:14:21.000+0000,2020-12-30T00:06:53.000+0000,Spring,1574,9,0.909
UNDERTOW,1780,1585,2012-02-29T14:31:16.000+0000,2021-12-30T06:46:08.000+0000,RedHat,1573,55,0.809
DESIGN,1765,1653,2007-05-18T10:22:46.000+0000,2022-01-04T19:37:31.000+0000,RedHat,1344,16,0.773
XERCESJ,1725,1460,2001-02-09T08:44:45.000+0000,2021-12-15T16:32:04.000+0000,Apache,486,18,0.741
JDG,1710,1642,2016-02-10T09:32:33.000+0000,2021-12-16T16:32:29.000+0000,RedHat,1548,38,0.249
MINIFICPP,1707,1269,2016-03-30T15:37:02.000+0000,2022-01-05T16:27:47.000+0000,Apache,1162,35,0.37
AXIS2C,1692,1462,2006-01-11T02:42:05.000+0000,2021-10-29T16:31:18.000+0000,Apache,1043,22,0.337
CONNECTORS,1689,1580,2010-01-12T14:04:32.000+0000,2021-12-19T17:22:55.000+0000,Apache,1447,21,0.853
DATAJPA,1687,1490,2010-11-22T23:50:41.000+0000,2020-12-29T05:16:47.000+0000,Spring,1490,7,0.822
TOMAHAWK,1683,1197,2004-11-21T12:54:30.000+0000,2021-09-15T09:53:10.000+0000,Apache,931,35,0.546
SWF,1668,1209,2005-03-25T01:39:55.000+0000,2021-12-22T17:42:16.000+0000,Spring,1178,10,0.683
STRATOS,1662,1379,2013-07-25T09:24:19.000+0000,2016-10-27T08:54:57.000+0000,Apache,983,33,0.253
SYNCOPE,1650,1624,2012-02-21T14:26:29.000+0000,2021-12-27T15:36:27.000+0000,Apache,1518,27,0.698
LANG,1641,1410,2002-05-27T14:55:24.000+0000,2021-12-30T15:45:22.000+0000,Apache,439,26,0.408
QBS,1634,1376,2011-08-18T11:15:44.000+0000,2021-12-30T08:24:41.000+0000,Qt,1358,21,0.782
MATH,1628,1464,2003-05-13T00:22:30.000+0000,2021-12-21T07:25:52.000+0000,Apache,401,19,0.673
IVY,1623,1221,2004-10-27T10:24:51.000+0000,2021-12-17T20:32:42.000+0000,Apache,1040,13,0.839
HAL,1601,1497,2011-07-18T06:15:49.000+0000,2021-11-29T09:20:53.000+0000,RedHat,1407,38,0.645
PHPC,1600,1445,2012-02-13T01:21:02.000+0000,2022-01-04T15:32:23.000+0000,MongoDB,1233,10,0.731
PYSIDE,1595,1359,2012-02-28T14:48:58.000+0000,2022-01-04T14:25:00.000+0000,Qt,1174,29,0.676
GOBBLIN,1591,1056,2017-03-12T05:06:40.000+0000,2022-01-04T23:57:29.000+0000,Apache,587,19,0.378
JCLOUDS,1590,1124,2013-05-08T01:03:10.000+0000,2022-01-05T08:16:44.000+0000,Apache,744,37,0.453
DATAREST,1565,862,2012-04-16T06:41:49.000+0000,2020-12-28T16:05:47.000+0000,Spring,861,7,0.852
OLINGO,1552,1247,2013-07-23T10:40:05.000+0000,2021-12-30T08:47:06.000+0000,Apache,1021,18,0.57
AC,1544,1280,2011-11-24T00:45:17.000-0600,2021-10-05T18:45:14.932-0500,JiraEcosystem,0,0,
SPRNET,1537,1320,2004-08-25T01:35:27.000+0000,2020-02-24T18:13:05.000+0000,Spring,1314,18,0.612
AUTOSUITE,1521,1396,2016-02-11T22:36:22.000+0000,2021-11-30T13:32:22.000+0000,Qt,1388,62,0.274
CLOV,1501,1501,2007-08-01T23:41:41.000+0000,2017-01-19T13:54:17.000+0000,Jira,831,20,0.617
PLE,1499,1499,2008-03-03T02:58:28.658-0600,2015-05-28T10:01:14.892-0500,JiraEcosystem,0,0,
AMPS,1490,1398,2009-06-24T23:19:17.457-0500,2021-12-13T08:21:34.958-0600,JiraEcosystem,0,0,
GUACAMOLE,1485,1198,2016-03-29T03:34:39.000+0000,2022-01-05T15:39:14.000+0000,Apache,471,8,0.966
AG,1485,1458,2008-08-27T18:05:50.133-0500,2021-10-15T07:16:21.449-0500,JiraEcosystem,0,0,
MADLIB,1482,479,2011-02-14T21:57:24.000+0000,2022-01-05T02:39:43.000+0000,Apache,301,23,0.482
RHSSO,1477,1477,2015-04-28T06:10:59.000+0000,2020-07-31T05:55:19.000+0000,RedHat,1194,53,0.203
FINERACT,1476,876,2015-12-24T07:15:03.000+0000,2022-01-05T04:28:39.000+0000,Apache,806,55,0.35
ENTMQ,1473,1469,2011-08-24T20:43:39.000+0000,2021-10-22T21:21:24.000+0000,RedHat,1100,47,0.68
STANBOL,1473,1317,2010-11-23T09:39:50.000+0000,2019-04-14T02:57:53.000+0000,Apache,1015,18,0.701
TRACING,1467,1370,2018-01-26T03:49:25.000+0000,2021-12-21T16:29:46.000+0000,RedHat,1232,15,0.572
RATIS,1467,1180,2017-02-01T13:50:56.000+0000,2021-12-30T12:11:25.000+0000,Apache,1122,73,0.424
DATAGRAPH,1465,1402,2010-09-05T17:31:43.000+0000,2020-12-30T10:48:18.000+0000,Spring,1362,28,0.471
LENS,1451,1085,2014-11-12T04:01:10.000+0000,2020-06-15T02:11:14.000+0000,Apache,1015,43,0.482
MXNET,1407,312,2017-11-02T15:55:20.000+0000,2021-08-06T12:13:03.000+0000,Apache,167,34,0.162
ODC,1406,1217,2019-06-12T03:13:53.000+0000,2021-12-22T09:54:24.000+0000,RedHat,1052,31,0.194
JBJCA,1399,1355,2004-12-14T16:48:08.000+0000,2021-11-29T17:02:03.000+0000,RedHat,1348,28,0.867
OWB,1393,1357,2008-11-17T14:16:03.000+0000,2021-12-13T13:29:15.000+0000,Apache,1268,19,0.677
DELTASPIKE,1390,1331,2011-12-12T22:15:06.000+0000,2020-03-25T16:44:55.000+0000,Apache,1170,29,0.517
IDE,1386,1386,2005-04-01T02:35:00.000+0000,2017-03-29T07:46:45.000+0000,Spring,1227,13,0.859
JS2,1354,1252,2004-03-26T01:19:44.000+0000,2021-03-10T01:56:44.000+0000,Apache,1051,16,0.576
USERGRID,1341,865,2013-11-18T14:41:59.000+0000,2021-10-11T09:55:39.000+0000,Apache,684,30,0.358
SWIFT,1338,1045,2018-01-28T19:22:29.000+0000,2021-12-27T19:25:25.000+0000,MongoDB,677,15,0.725
APIMAN,1333,916,2014-04-24T13:31:10.000+0000,2020-11-17T21:40:29.000+0000,RedHat,916,12,0.9
SB,1319,1211,2017-01-09T02:30:42.000+0000,2021-11-24T14:16:37.000+0000,RedHat,1162,22,0.469
BATIK,1317,904,2001-01-22T14:46:21.000+0000,2021-12-13T15:21:53.000+0000,Apache,837,4,0.988
ID,1310,1014,2003-03-03T10:23:05.000+0000,2022-01-05T06:38:10.000+0000,Jira,190,85,0.263
HAWKULAR,1309,1244,2015-01-15T20:04:39.000+0000,2018-02-07T06:26:48.000+0000,RedHat,1024,40,0.328
OPENNLP,1309,1139,2010-12-01T16:46:23.000+0000,2021-12-27T21:58:17.000+0000,Apache,966,21,0.665
SWSQE,1299,1148,2018-02-14T09:15:33.000+0000,2021-12-13T14:40:45.000+0000,RedHat,1116,14,0.602
OCPPLAN,1291,754,2019-09-11T11:48:51.000+0000,2022-01-04T10:21:04.000+0000,RedHat,588,57,0.313
RAVE,1286,864,2011-04-01T12:04:33.000+0000,2015-01-23T05:56:04.000+0000,Apache,612,31,0.359
DIRSTUDIO,1277,1084,2006-11-27T15:11:52.000+0000,2021-11-22T02:12:12.000+0000,Apache,760,9,0.951
APL,1266,1195,2007-12-04T10:20:33.000-0600,2021-11-23T08:22:05.079-0600,JiraEcosystem,0,0,
SLIDER,1265,963,2014-05-02T18:20:54.000+0000,2018-06-01T09:01:40.000+0000,Apache,893,30,0.529
RHDM,1260,1165,2014-06-13T06:34:00.000+0000,2021-12-16T17:47:53.000+0000,RedHat,1151,87,0.241
DATAREDIS,1257,1146,2010-12-03T08:59:14.000+0000,2020-12-19T09:10:56.000+0000,Spring,1097,8,0.71
GIRAPH,1252,1062,2011-08-10T23:59:46.000+0000,2021-11-17T20:56:57.000+0000,Apache,796,52,0.347
FOR,1251,842,2002-11-16T13:19:12.000+0000,2018-07-25T06:56:15.000+0000,Apache,304,18,0.586
QSR,1248,949,2017-04-03T13:29:02.000+0000,2022-01-04T08:32:54.000+0000,Qt,948,23,0.516
SSHD,1235,1152,2008-12-10T10:03:36.000+0000,2021-12-27T03:44:55.000+0000,Apache,904,5,0.968
BEEHIVE,1231,1082,2004-08-20T21:25:44.000+0000,2009-10-12T18:09:15.000+0000,Apache,957,31,0.374
SUBMARINE,1171,1031,2018-04-09T21:37:09.000+0000,2022-01-03T11:47:31.000+0000,Apache,978,70,0.191
PLUG,1161,1104,2005-03-15T23:06:49.959-0600,2021-12-01T20:35:20.031-0600,JiraEcosystem,0,0,
YETUS,1136,898,2008-09-24T04:32:11.000+0000,2021-12-24T03:18:37.000+0000,Apache,744,52,0.715
XW,1128,1007,2003-02-19T22:31:11.000+0000,2014-04-11T03:48:28.000+0000,Apache,615,25,0.511
VCL,1122,981,2009-01-06T16:01:29.000+0000,2021-09-14T14:38:00.000+0000,Apache,525,7,0.829
SYNAPSE,1120,990,2005-12-23T20:25:02.000+0000,2021-02-05T18:43:18.000+0000,Apache,829,25,0.472
DIRMINA,1114,1082,2005-02-01T10:06:23.000+0000,2022-01-05T10:57:04.000+0000,Apache,660,17,0.718
KATA,1106,712,2020-03-12T06:39:59.000+0000,2022-01-04T18:32:01.000+0000,RedHat,601,36,0.281
ERRAI,1104,962,2009-09-30T12:18:37.000+0000,2021-04-23T12:19:26.000+0000,RedHat,823,26,0.504
EAGLE,1097,819,2015-11-03T02:26:59.000+0000,2020-11-20T08:08:31.000+0000,Apache,780,29,0.345
CMIS,1096,997,2008-12-23T10:12:40.000+0000,2021-08-05T06:58:03.000+0000,Apache,713,17,0.641
BOOKKEEPER,1095,1022,2009-02-04T11:01:20.000+0000,2017-10-17T21:54:33.000+0000,Apache,872,44,0.528
AXISCPP,1087,996,2003-09-24T19:29:38.000+0000,2016-01-15T14:20:23.000+0000,Apache,586,20,0.416
ODE,1078,838,2006-02-18T11:53:10.000+0000,2020-01-13T17:23:18.000+0000,Apache,638,20,0.487
ORC,1075,848,2013-01-11T16:21:06.000+0000,2022-01-05T18:13:41.000+0000,Apache,804,88,0.434
CLEREZZA,1069,799,2009-12-01T03:19:24.000+0000,2021-08-29T06:12:28.000+0000,Apache,713,12,0.655
TAVERNA,1063,189,2006-08-16T10:44:58.000+0000,2020-01-27T06:53:50.000+0000,Apache,128,12,0.586
STDCXX,1062,711,2005-07-23T03:42:16.000+0000,2013-06-13T05:35:01.000+0000,Apache,655,9,0.763
JSPWIKI,1050,901,2007-10-13T21:55:21.000+0000,2021-12-31T15:53:58.000+0000,Apache,394,12,0.673
RUST,1046,815,2018-05-10T19:05:26.000+0000,2021-12-21T18:59:19.000+0000,MongoDB,698,13,0.66
LIBCLOUD,1045,593,2009-12-16T03:25:47.000+0000,2019-06-06T17:31:55.000+0000,Apache,251,12,0.809
MRELEASE,1045,948,2005-09-07T08:44:18.000+0000,2022-01-01T16:17:14.000+0000,Apache,616,37,0.526
SWS,1041,891,2006-02-06T19:14:05.000+0000,2020-09-18T09:31:55.000+0000,Spring,863,7,0.942
OODT,1040,976,2010-02-07T23:19:27.000+0000,2021-10-09T14:08:30.000+0000,Apache,809,26,0.566
PIVOT,1039,844,2009-01-26T14:43:51.000+0000,2021-10-08T08:02:59.000+0000,Apache,634,9,0.535
JUDDI,1012,991,2004-01-17T22:54:01.000+0000,2021-06-09T22:21:53.000+0000,Apache,979,9,0.613
HAMA,1006,867,2008-05-29T11:20:24.000+0000,2019-04-27T16:35:27.000+0000,Apache,768,36,0.703
DATAES,1003,952,2013-04-29T23:57:40.000+0000,2020-12-28T14:48:16.000+0000,Spring,868,12,0.574
YUNIKORN,994,801,2020-02-06T06:17:36.000+0000,2022-01-05T10:38:40.000+0000,Apache,769,42,0.328
MSHARED,991,933,2005-08-19T00:01:10.000+0000,2022-01-04T15:43:58.000+0000,Apache,831,39,0.438
AAH,979,603,2020-10-05T08:12:31.000+0000,2022-01-03T12:46:34.000+0000,RedHat,473,24,0.516
CLIMATE,973,857,2013-04-28T16:00:49.000+0000,2020-02-25T23:41:26.000+0000,Apache,840,21,0.57
SMXCOMP,972,746,2005-10-13T23:29:37.000+0000,2017-01-19T12:03:15.000+0000,Apache,717,18,0.642
QTVSADDINBUG,967,818,2006-10-12T07:50:00.000+0000,2022-01-04T09:52:53.000+0000,Qt,818,9,0.774
SECURITY,959,827,2006-09-05T13:15:33.000+0000,2021-05-13T09:32:01.000+0000,RedHat,826,32,0.663
CE,959,693,2012-04-18T19:22:33.000-0500,2018-06-17T10:18:21.551-0500,JiraEcosystem,0,0,
SCM,958,923,2004-04-21T09:01:36.000+0000,2022-01-03T13:48:57.000+0000,Apache,672,32,0.555
XALANJ,954,697,2001-07-31T15:34:01.000+0000,2008-04-17T15:24:49.000+0000,Apache,291,25,0.268
MASSEMBLY,941,864,2005-06-08T00:57:18.000+0000,2021-11-16T19:56:10.000+0000,Apache,667,33,0.613
CS,940,845,2020-02-18T10:13:23.000+0000,2022-01-03T21:23:38.000+0000,RedHat,838,19,0.563
JWS,930,862,2014-03-31T14:42:15.000+0000,2021-12-21T07:47:58.000+0000,RedHat,852,49,0.468
SGF,917,891,2010-07-14T20:00:31.000+0000,2021-09-23T07:44:35.000+0000,Spring,891,12,0.727
MULTIARCH,915,656,2020-10-20T15:34:16.000+0000,2022-01-03T09:40:40.000+0000,RedHat,561,49,0.346
VELOCITY,886,873,2001-03-21T23:07:22.000+0000,2021-12-25T20:21:58.000+0000,Apache,228,18,0.719
SDN,879,539,2019-09-19T15:12:02.000+0000,2021-12-23T11:24:46.000+0000,RedHat,433,58,0.162
HELIX,857,528,2012-10-24T12:41:14.000+0000,2022-01-03T18:42:14.000+0000,Apache,415,14,0.699
APPDUX,842,842,2019-01-08T10:43:52.000+0000,2021-08-09T14:18:58.000+0000,RedHat,669,41,0.248
LIVY,841,489,2015-03-20T21:55:46.000+0000,2021-12-29T07:28:42.000+0000,Apache,376,61,0.359
ENTMQIC,838,683,2015-04-30T10:20:37.000+0000,2021-12-17T13:23:48.000+0000,RedHat,547,21,0.245
SHIRO,838,580,2008-07-18T14:12:45.000+0000,2021-11-04T11:11:01.000+0000,Apache,304,9,0.655
I18N,837,411,2006-06-20T03:14:39.000+0000,2022-01-04T06:32:18.000+0000,Jira,347,17,0.752
AMQP,834,818,2010-07-03T03:49:59.000+0000,2018-12-12T21:20:39.000+0000,Spring,818,12,0.773
DRIVERS,833,559,2011-09-12T15:28:33.000+0000,2022-01-04T15:51:11.000+0000,MongoDB,214,30,0.607
MR,831,814,2007-07-20T14:00:57.000+0000,2015-02-23T09:42:12.000+0000,RedHat,772,36,0.65
LOG,830,553,2020-03-23T04:32:26.000+0000,2021-12-31T06:21:50.000+0000,RedHat,482,32,0.442
DATACASS,826,792,2013-05-29T11:06:51.000+0000,2020-12-31T10:15:21.000+0000,Spring,788,10,0.763
CHUKWA,822,677,2008-10-23T09:41:03.000+0000,2019-07-05T18:41:20.000+0000,Apache,595,27,0.692
OSGI,815,734,2006-06-26T00:57:57.000+0000,2011-06-16T01:46:03.000+0000,Spring,726,4,0.971
JDF,814,741,2011-11-22T08:31:02.000+0000,2021-12-15T14:08:17.000+0000,RedHat,703,43,0.556
XALANC,813,746,2001-02-21T15:21:42.000+0000,2021-11-29T10:00:17.000+0000,Apache,274,12,0.642
VFS,809,556,2004-03-18T23:03:47.000+0000,2021-12-22T13:33:54.000+0000,Apache,208,11,0.736
GERONIMODEVTOOLS,806,696,2004-12-06T09:22:24.000+0000,2018-01-05T10:41:35.000+0000,Apache,628,24,0.475
CONFIGURATION,805,705,2003-01-29T02:09:26.000+0000,2021-09-08T06:47:28.000+0000,Apache,221,6,0.878
CLK,804,730,2005-09-03T05:48:33.000+0000,2014-08-01T19:55:29.000+0000,Apache,636,8,0.898
RFE,803,296,2019-03-26T15:10:19.000+0000,2022-01-04T19:19:27.000+0000,RedHat,275,29,0.327
INLONG,800,676,2019-12-24T12:26:27.000+0000,2021-11-22T04:36:39.000+0000,Apache,614,46,0.469
JDO,798,756,2005-04-02T06:01:40.000+0000,2021-12-10T20:46:07.000+0000,Apache,697,13,0.498
MOTOR,796,742,2012-03-20T23:42:04.000+0000,2022-01-04T15:57:18.000+0000,MongoDB,412,7,0.782
PLUTO,792,776,2003-10-07T01:06:16.000+0000,2021-12-17T17:08:23.000+0000,Apache,438,19,0.475
QTWEBSITE,787,700,2010-02-24T21:06:55.000+0000,2022-01-04T08:51:51.000+0000,Qt,686,47,0.552
MIG,786,278,2014-12-09T21:30:37.000+0000,2022-01-04T17:48:41.000+0000,Jira,180,63,0.256
GERONIMO,782,752,2003-08-20T05:24:40.000+0000,2019-04-17T03:26:23.000+0000,Apache,577,28,0.433
APEXCORE,782,536,2015-07-06T21:03:53.000+0000,2020-03-04T21:43:07.000+0000,Apache,502,42,0.353
MSITE,779,741,2004-07-22T12:17:48.000+0000,2021-12-22T09:11:04.000+0000,Apache,547,32,0.437
IBATIS,777,569,2004-11-19T01:52:19.000+0000,2010-05-20T14:05:47.000+0000,Apache,286,7,0.839
MONGOSH,765,667,2012-02-01T20:02:19.000+0000,2021-12-21T14:52:41.000+0000,MongoDB,544,12,0.783
WINDUPRULE,765,557,2013-10-10T15:33:20.000+0000,2021-12-24T11:27:58.000+0000,RedHat,467,30,0.358
SPFE,764,549,2019-02-22T09:06:38.712-0600,2021-12-13T05:04:16.076-0600,JiraEcosystem,0,0,
WHIRR,754,544,2009-06-25T15:08:25.000+0000,2015-03-13T21:41:38.000+0000,Apache,474,41,0.538
AMQDOC,751,578,2013-12-03T13:37:07.000+0000,2021-10-25T10:10:13.000+0000,RedHat,519,26,0.351
MDEP,750,616,2005-12-27T10:48:46.000+0000,2021-12-13T20:24:46.000+0000,Apache,441,28,0.447
QUARKUS,748,620,2020-09-23T05:17:29.000+0000,2022-01-04T16:48:52.000+0000,RedHat,414,62,0.329
DIRKRB,747,638,2004-11-22T20:40:30.000+0000,2021-08-27T02:09:44.000+0000,Apache,598,21,0.46
COLLECTIONS,744,651,2001-05-12T05:46:31.000+0000,2021-12-31T05:43:42.000+0000,Apache,82,15,0.5
IO,744,594,2003-04-04T21:52:17.000+0000,2021-12-24T23:47:28.000+0000,Apache,192,16,0.693
CDI,737,737,2009-11-27T23:34:18.000+0000,2020-06-09T05:06:03.000+0000,RedHat,403,14,0.806
BUILDR,735,720,2007-12-10T19:59:12.000+0000,2018-09-10T08:53:33.000+0000,Apache,384,7,0.56
MON,728,462,2019-07-01T12:12:56.000+0000,2022-01-04T14:45:25.000+0000,RedHat,375,32,0.163
MECLIPSE,723,723,2005-03-03T19:04:50.000+0000,2015-10-07T18:31:45.000+0000,Apache,358,22,0.419
PLINK,723,669,2009-03-16T04:39:09.000+0000,2020-06-02T00:55:55.000+0000,RedHat,655,7,0.918
JPERF,721,405,2018-08-20T05:27:34.364-0500,2021-12-22T07:40:15.851-0600,JiraEcosystem,0,0,
AO,720,693,2010-01-26T17:21:12.961-0600,2021-12-14T03:56:46.319-0600,JiraEcosystem,0,0,
PHPLIB,716,630,2012-10-11T17:13:54.000+0000,2022-01-04T15:57:14.000+0000,MongoDB,535,8,0.8
MNEMONIC,711,664,2016-03-13T06:31:36.000+0000,2021-12-19T05:38:05.000+0000,Apache,639,27,0.657
NET,700,657,2002-02-22T17:31:52.000+0000,2022-01-01T13:26:45.000+0000,Apache,7,5,0.571
COIN,699,497,2011-12-19T13:49:25.000+0000,2022-01-03T07:47:59.000+0000,Qt,487,35,0.55
CRUNCH,697,598,2012-07-05T21:27:33.000+0000,2021-02-02T16:24:28.000+0000,Apache,472,19,0.655
ERT,694,538,2016-01-27T17:07:31.000+0000,2019-11-20T16:34:16.000+0000,RedHat,413,21,0.487
MODCLUSTER,692,625,2008-06-23T14:24:22.000+0000,2021-12-14T18:23:03.000+0000,RedHat,622,15,0.759
MJAVADOC,690,657,2005-03-03T19:14:19.000+0000,2021-12-17T18:17:37.000+0000,Apache,534,33,0.579
HTTPCORE,687,678,2002-07-18T23:56:56.000+0000,2021-12-30T12:28:28.000+0000,Apache,169,7,0.722
WSS,684,670,2004-06-16T17:21:21.000+0000,2021-11-18T08:55:20.000+0000,Apache,650,11,0.837
WEEX,681,448,2017-01-04T06:50:32.000+0000,2021-04-19T15:44:52.000+0000,Apache,417,14,0.645
STREAMS,680,573,2012-12-17T21:48:05.000+0000,2020-11-11T20:03:35.000+0000,Apache,419,12,0.845
MARMOTTA,680,543,2012-12-14T11:33:52.000+0000,2021-02-23T15:04:57.000+0000,Apache,534,8,0.637
LOG4NET,680,456,2005-03-01T06:53:54.000+0000,2021-12-10T05:19:48.000+0000,Apache,216,6,0.731
DATACOUCH,676,560,2013-06-01T02:31:21.000+0000,2020-12-21T22:07:18.000+0000,Spring,560,11,0.404
SRVKP,664,370,2019-02-25T18:45:27.000+0000,2021-12-22T05:26:36.000+0000,RedHat,318,23,0.255
ACJS,654,587,2014-03-05T20:20:49.905-0600,2021-11-24T18:44:13.697-0600,JiraEcosystem,0,0,
LUCENENET,649,649,2006-04-03T03:56:52.000+0000,2021-08-25T21:34:32.000+0000,Apache,284,12,0.637
HCATALOG,649,491,2011-03-29T00:55:14.000+0000,2013-07-12T23:11:22.000+0000,Apache,437,34,0.272
GORA,649,521,2010-10-08T21:27:22.000+0000,2021-11-06T14:41:35.000+0000,Apache,389,50,0.368
AMQCPP,646,612,2006-06-29T19:38:36.000+0000,2021-12-02T13:14:29.000+0000,Apache,601,5,0.993
NPANDAY,634,501,2008-12-03T10:51:00.000+0000,2014-12-11T02:23:58.000+0000,Apache,225,6,0.809
FAI,633,437,2019-05-31T05:14:52.000+0000,2022-01-03T07:57:47.000+0000,RedHat,427,13,0.518
RCP,632,514,2004-06-08T22:25:54.000+0000,2019-03-01T02:34:03.000+0000,Spring,495,12,0.469
ACCESS,629,197,2014-09-08T00:23:56.470-0500,2018-10-29T17:59:16.236-0500,JiraEcosystem,0,0,
BROOKLYN,628,333,2014-06-17T09:01:01.000+0000,2021-04-13T17:48:47.000+0000,Apache,127,15,0.567
AMQNET,623,570,2005-10-26T19:51:48.000+0000,2021-12-20T13:24:12.000+0000,Apache,503,7,0.875
CURATOR,622,436,2013-03-22T22:00:50.000+0000,2021-12-30T05:34:59.000+0000,Apache,315,11,0.829
JBCS,622,550,2015-02-17T16:35:37.000+0000,2021-12-21T15:55:47.000+0000,RedHat,539,39,0.391
AA,615,404,2020-12-16T09:07:47.000+0000,2022-01-04T15:27:09.000+0000,RedHat,305,20,0.439
DATASOLR,615,475,2012-09-11T23:46:02.000+0000,2020-12-09T15:54:35.000+0000,Spring,475,7,0.787
GITOPS,611,364,2020-02-03T17:23:46.000+0000,2021-12-31T10:01:25.000+0000,RedHat,304,21,0.257
DATAJDBC,610,493,2010-09-03T13:57:32.000+0000,2020-12-29T08:57:29.000+0000,Spring,493,6,0.761
WFK2,610,602,2013-02-18T15:50:49.000+0000,2016-01-22T04:36:01.000+0000,RedHat,600,37,0.525
COMPRESS,601,530,2004-08-06T00:05:25.000+0000,2022-01-05T18:43:47.000+0000,Apache,93,11,0.613
CONSOLE,598,283,2018-04-23T17:56:44.000+0000,2021-12-20T17:20:14.000+0000,RedHat,218,28,0.284
WAGON,594,579,2004-03-30T12:46:13.000+0000,2021-12-22T22:11:03.000+0000,Apache,436,24,0.571
PLUGWEB,594,540,2010-11-28T16:11:18.163-0600,2021-12-17T09:43:56.099-0600,JiraEcosystem,0,0,
XAP,589,301,2006-07-12T03:45:05.000+0000,2008-04-30T17:36:10.000+0000,Apache,38,5,0.868
DTACLOUD,587,432,2010-07-08T07:53:13.000+0000,2020-09-22T17:14:51.000+0000,Apache,401,12,0.618
XMLBEANS,584,422,2003-10-03T03:24:52.000+0000,2021-12-30T23:55:36.000+0000,Apache,150,14,0.347
SHDP,583,495,2009-07-22T04:22:23.000+0000,2019-02-15T09:34:58.000+0000,Spring,492,7,0.762
LEGAL,582,565,2008-06-10T00:28:49.000+0000,2021-12-20T18:04:15.000+0000,Apache,88,11,0.477
ARCHETYPE,581,521,2005-08-02T08:19:21.000+0000,2021-12-27T09:30:32.000+0000,Apache,269,31,0.424
TILES,578,545,2002-12-10T01:58:49.000+0000,2019-04-26T21:18:11.000+0000,Apache,418,9,0.933
FRGE,577,72,2019-11-26T06:16:40.246-0600,2022-01-04T01:44:25.564-0600,JiraEcosystem,0,0,
JCRVLT,577,503,2013-06-28T00:49:00.000+0000,2022-01-04T19:10:18.000+0000,Apache,313,5,0.971
DBCP,574,545,2002-02-25T22:39:56.000+0000,2021-10-26T12:55:21.000+0000,Apache,63,10,0.714
DOXIA,573,547,2005-04-14T19:46:33.000+0000,2021-12-31T12:49:09.000+0000,Apache,469,23,0.548
JS1,569,458,2001-04-23T18:47:51.000+0000,2021-10-29T21:52:28.000+0000,Apache,212,16,0.514
GREENHOUSE,559,366,2010-05-21T07:24:19.000+0000,2018-01-22T10:09:00.000+0000,Spring,183,3,0.831
CTAKES,556,346,2012-07-13T16:59:31.000+0000,2021-12-07T20:28:21.000+0000,Apache,250,15,0.608
CGW,555,533,2013-07-09T05:02:47.000+0000,2021-10-20T12:56:52.000+0000,RedHat,529,10,0.93
RIFTSAW,554,499,2009-07-14T11:45:27.000+0000,2015-11-26T20:16:49.000+0000,RedHat,486,13,0.772
TC,553,326,2016-10-19T16:08:32.000+0000,2017-08-25T15:46:19.000+0000,Apache,275,21,0.549
QPIDJMS,553,530,2013-07-30T09:20:37.000+0000,2021-12-20T16:40:36.000+0000,Apache,459,4,0.993
BEANUTILS,551,396,2001-10-29T08:07:57.000+0000,2021-12-23T22:30:41.000+0000,Apache,101,7,0.812
UNOMI,540,453,2015-11-05T12:39:31.000+0000,2022-01-05T14:00:34.000+0000,Apache,268,12,0.586
RYA,540,348,2015-10-09T17:18:38.000+0000,2021-03-17T12:09:51.000+0000,Apache,312,17,0.375
ACE,539,492,2009-04-27T07:31:04.000+0000,2018-02-14T23:30:40.000+0000,Apache,289,11,0.841
SIS,531,365,2010-02-28T03:10:54.000+0000,2021-12-10T10:12:21.000+0000,Apache,352,12,0.94
LOGCXX,530,513,2004-07-13T17:08:31.000+0000,2022-01-02T01:42:26.000+0000,Apache,458,10,0.858
ATST,529,405,2011-12-16T00:50:43.347-0600,2021-12-15T00:23:49.034-0600,JiraEcosystem,0,0,
OSASINFRA,528,349,2020-11-19T03:09:52.000+0000,2021-12-20T14:17:45.000+0000,RedHat,247,18,0.316
SINGA,528,345,2015-05-07T04:33:30.000+0000,2021-12-03T02:41:57.000+0000,Apache,194,15,0.531
TOREE,528,411,2014-12-13T04:31:17.000+0000,2021-06-03T23:59:47.000+0000,Apache,180,22,0.439
ACCESS,527,246,2013-07-01T13:54:21.000+0000,2022-01-05T13:48:31.000+0000,Jira,139,51,0.209
ANY23,526,487,2011-10-12T18:50:06.000+0000,2022-01-05T19:29:57.000+0000,Apache,335,16,0.737
KIECLOUD,524,477,2018-09-17T16:12:13.000+0000,2021-12-29T18:33:14.000+0000,RedHat,477,21,0.562
JBERET,522,423,2013-10-23T10:44:14.000+0000,2021-11-09T06:16:53.000+0000,RedHat,420,9,0.95
AXIOM,506,488,2006-04-06T11:08:03.000+0000,2021-12-21T02:00:03.000+0000,Apache,372,19,0.809
MOD,504,310,2004-02-19T17:49:56.000+0000,2010-10-25T02:26:30.000+0000,Spring,310,15,0.574
